	chr_x	pos_x	dbsnp	MAF_x	ref_x	alt_x	A_x	C_x	G_x	T_x	RD_x	Ars_x	Crs_x	Grs_x	Trs_x	af_x	cov_x	chr_y	pos_y	MAF_y	ref_y	alt_y	A_y	C_y	G_y	T_y	RD_y	Ars_y	Crs_y	Grs_y	Trs_y	af_y	cov_y
0	chr1	13564779	rs864297749	.	G	T	0	0	24	14	38	0	0	2	0	0.368421	38	chr1	13564779	.	G	T	0	0	54	15	69	0	0	3	0	0.21739099999999997	69
1	chr1	58527251	rs586851768	.	C	T	0	24	0	6	30	0	10	0	1	0.2	30	chr1	58527251	.	C	T	0	26	0	7	33	0	13	0	0	0.212121	33
2	chr1	79704021	rs254499040	.	G	T	0	0	62	59	121	0	0	42	8	0.48760299999999995	121	chr1	79704021	.	G	T	0	0	143	89	232	0	0	123	8	0.383621	232
3	chr1	79704028	rs1132284283	.	G	T	0	0	75	41	116	0	0	54	1	0.353448	116	chr1	79704028	.	G	T	0	0	175	65	240	0	0	147	1	0.270833	240
4	chr1	88263199	rs47849677	.	C	T	0	19	0	49	68	0	5	0	27	0.720588	68	chr1	88263199	.	C	T	0	30	0	68	98	0	4	0	22	0.693878	98
5	chr1	88263296	rs48913740	.	A	T	101	0	0	71	172	35	0	0	17	0.41279099999999996	172	chr1	88263296	.	A	T	155	0	0	89	244	66	0	0	28	0.364754	244
6	chr1	88263313	rs49468302	.	T	A	70	0	0	44	114	19	0	0	27	0.614035	114	chr1	88263313	.	T	A	117	0	0	41	158	54	0	0	28	0.740506	158
7	chr1	88263515	rs45981244	.	A	C	253	237	0	0	490	128	110	0	0	0.48367299999999996	490	chr1	88263515	.	A	C	305	262	1	0	568	174	134	0	0	0.462081	567
8	chr1	88263598	rs13472326	.	C	T	0	302	0	270	572	0	143	0	124	0.47202799999999995	572	chr1	88263598	.	C	T	0	352	0	308	660	0	168	0	153	0.466667	660
9	chr1	88263746	rs13472323	.	C	G	0	142	341	0	483	0	71	164	0	0.706004	483	chr1	88263746	.	C	G	0	121	476	0	597	0	62	215	0	0.79732	597
10	chr1	88263795	rs51458429	.	G	C	0	247	242	91	580	0	123	117	34	0.505112	489	chr1	88263795	.	G	C	0	281	300	90	671	0	152	148	41	0.483649	581
11	chr1	88263914	rs50362092	.	A	G	167	0	307	0	474	117	0	186	0	0.647679	474	chr1	88263914	.	A	G	135	0	279	0	414	100	0	170	0	0.673913	414
12	chr1	88264521	rs49167126	.	A	G	204	0	154	0	358	119	0	102	0	0.43016800000000005	358	chr1	88264521	.	A	G	138	0	174	0	312	86	0	116	0	0.557692	312
13	chr1	88264978	rs49629258	.	G	A	118	0	368	0	486	51	0	163	0	0.242798	486	chr1	88264978	.	G	A	153	0	270	0	423	66	0	116	0	0.361702	423
14	chr1	88265034	rs51185680	.	G	A	263	0	312	0	575	133	0	169	0	0.457391	575	chr1	88265034	.	G	A	254	0	207	0	461	128	0	113	0	0.550976	461
15	chr1	88265122	rs30301545	.	G	A	185	0	138	0	323	131	0	83	0	0.572755	323	chr1	88265122	.	G	A	170	0	93	0	263	117	0	55	0	0.646388	263
16	chr1	88265210	rs45726911	.	C	T	0	278	0	75	353	0	152	0	30	0.21246500000000001	353	chr1	88265210	.	C	T	0	234	0	77	311	0	130	0	35	0.247588	311
17	chr1	88265258	rs13472325	.	A	G	138	0	270	0	408	37	0	120	0	0.6617649999999999	408	chr1	88265258	.	A	G	67	0	241	0	308	18	0	100	0	0.782468	308
18	chr1	88265309	rs50378893	.	C	G	0	247	153	0	400	0	139	76	0	0.3825	400	chr1	88265309	.	C	G	0	169	151	0	320	0	97	77	0	0.471875	320
19	chr1	88265472	rs45762281	.	C	T	0	254	0	143	397	0	184	0	90	0.360202	397	chr1	88265472	.	C	T	0	161	0	111	272	0	118	0	73	0.408088	272
20	chr1	88265846	rs49199385	.	A	C	295	118	0	0	413	181	64	0	0	0.28571399999999997	413	chr1	88265846	.	A	C	192	138	1	0	331	130	81	1	0	0.418182	330
21	chr1	88265980	rs30300753	.	T	G	0	0	254	193	447	0	0	126	101	0.568233	447	chr1	88265980	.	T	G	0	0	237	123	360	0	0	125	59	0.658333	360
22	chr1	88266195	rs46656348	.	G	A	106	0	287	0	393	70	0	170	0	0.26971999999999996	393	chr1	88266195	.	G	A	100	0	165	0	265	55	0	109	0	0.37735799999999997	265
23	chr1	88269331	rs48809660	.	T	C	1	118	0	208	327	0	54	0	101	0.36196300000000003	326	chr1	88269331	.	T	C	0	84	0	160	244	0	41	0	85	0.344262	244
24	chr1	88270269	rs228983144	.	A	G	153	0	142	0	295	63	0	84	0	0.48135600000000006	295	chr1	88270269	.	A	G	94	0	129	0	223	47	0	69	0	0.578475	223
25	chr1	88270274	rs266217461	.	C	T	0	100	0	198	298	0	40	0	103	0.66443	298	chr1	88270274	.	C	T	0	52	0	167	219	0	29	0	79	0.7625569999999999	219
26	chr1	88272730	rs30299923	.	A	G	113	0	204	0	317	44	0	81	0	0.643533	317	chr1	88272730	.	A	G	45	0	141	0	186	23	0	56	0	0.758065	186
27	chr1	88273049	rs46001461	.	G	A	9	0	23	0	32	5	0	16	0	0.28125	32	chr1	88273049	.	G	A	7	0	21	0	28	2	0	18	0	0.25	28
28	chr1	88273110	rs45856194	.	C	T	0	31	0	16	47	0	9	0	5	0.340426	47	chr1	88273110	.	C	T	0	18	0	16	34	0	10	0	6	0.470588	34
29	chr1	88274747	rs50613675	.	G	A	32	0	27	0	59	13	0	14	0	0.542373	59	chr1	88274747	.	G	A	29	0	39	0	68	15	0	10	0	0.426471	68
30	chr1	88274858	rs51073193	.	G	T	0	0	42	40	82	0	0	20	20	0.48780500000000004	82	chr1	88274858	.	G	T	0	0	26	21	47	0	0	17	9	0.446809	47
31	chr1	88274928	rs49167476	.	G	A	34	0	23	0	57	17	0	15	0	0.596491	57	chr1	88274928	.	G	A	16	0	38	0	54	11	0	17	0	0.296296	54
32	chr1	88275609	rs51160285	.	C	A	6	19	0	0	25	6	7	0	0	0.24	25	chr1	88275609	.	C	A	6	19	0	0	25	3	7	0	0	0.24	25
33	chr1	88275613	rs30299031	.	T	C	0	13	0	10	23	0	5	0	6	0.565217	23	chr1	88275613	.	T	C	0	8	0	17	25	0	1	0	9	0.32	25
34	chr1	88275948	rs49604915	.	C	T	0	16	0	19	35	0	6	0	12	0.5428569999999999	35	chr1	88275948	.	C	T	0	12	0	16	28	0	8	0	8	0.571429	28
35	chr1	88276060	rs30299029	.	G	A	29	0	10	0	39	15	0	2	0	0.74359	39	chr1	88276060	.	G	A	20	0	6	0	26	11	0	2	0	0.769231	26
36	chr1	88276725	rs49492955	.	T	A	5	0	0	19	24	3	0	0	12	0.208333	24	chr1	88276725	.	T	A	4	0	0	16	20	3	0	0	12	0.2	20
37	chr1	88277179	rs51766312	.	T	C	0	12	0	10	22	0	6	0	1	0.545455	22	chr1	88277179	.	T	C	0	13	0	12	25	0	5	0	2	0.52	25
38	chr1	88277413	rs47427546	.	A	T	145	52	0	237	434	121	36	0	157	0.6204189999999999	382	chr1	88277413	.	A	T	43	28	0	112	183	38	22	0	79	0.722581	155
39	chr1	88277422	rs30298179	.	C	A	310	143	0	0	453	216	120	0	0	0.684327	453	chr1	88277422	.	C	A	151	41	0	0	192	111	37	0	0	0.786458	192
40	chr1	88277442	rs47146764	.	T	A	194	0	0	195	389	176	0	0	170	0.49871499999999996	389	chr1	88277442	.	T	A	114	0	0	63	177	96	0	0	56	0.644068	177
41	chr1	89894848	rs246009111	.	T	A	7	0	0	17	24	4	0	0	11	0.291667	24	chr1	89894848	.	T	A	23	0	0	45	68	17	0	0	25	0.338235	68
42	chr1	162673191	rs36577296	.	T	C	0	45	0	107	152	0	18	0	54	0.296053	152	chr1	162673191	.	T	C	0	48	0	150	198	0	27	0	75	0.24242399999999997	198
43	chr1	181904418	rs259006563	.	A	G	45	0	43	0	88	37	0	10	0	0.48863599999999996	88	chr1	181904418	.	A	G	17	0	12	0	29	15	0	2	0	0.413793	29
44	chr10	20341213	rs254386705	.	C	T	0	16	0	6	22	0	8	0	6	0.272727	22	chr10	20341213	.	C	T	0	15	0	7	22	0	4	0	7	0.318182	22
45	chr10	81530600	rs1133379395	.	G	T	0	0	48	72	120	0	0	38	0	0.6	120	chr10	81530600	.	G	T	0	0	10	10	20	0	0	9	0	0.5	20
46	chr10	112926670	rs230860642	.	G	T	0	0	28	21	49	0	0	11	21	0.428571	49	chr10	112926670	.	G	T	0	0	39	37	76	0	0	12	37	0.486842	76
47	chr10	128127019	rs212080823	.	T	C	0	16	0	37	53	0	16	0	14	0.301887	53	chr10	128127019	.	T	C	0	7	0	15	22	0	7	0	3	0.318182	22
48	chr11	3126052	rs48098781	.	C	A	13	19	0	0	32	1	8	0	0	0.40625	32	chr11	3126052	.	C	A	12	11	0	0	23	1	5	0	0	0.5217390000000001	23
49	chr11	3126053	rs47837099	.	A	G	19	0	13	0	32	8	0	1	0	0.40625	32	chr11	3126053	.	A	G	9	0	12	0	21	3	0	1	0	0.571429	21
50	chr11	3127575	rs223293195	.	C	A	29	23	0	0	52	15	14	0	0	0.557692	52	chr11	3127575	.	C	A	41	14	0	0	55	33	8	0	0	0.745455	55
51	chr11	3129021	rs1131752806	.	A	T	31	0	0	12	43	15	0	0	4	0.27907	43	chr11	3129021	.	A	T	23	0	0	7	30	14	0	0	1	0.23333299999999998	30
52	chr11	3129111	rs232339804	.	T	C	0	13	0	32	45	0	10	0	17	0.288889	45	chr11	3129111	.	T	C	0	10	0	20	30	0	9	0	10	0.333333	30
53	chr11	3129115	rs1133166342	.	C	T	0	32	0	12	44	0	18	0	9	0.272727	44	chr11	3129115	.	C	T	0	19	0	10	29	0	10	0	9	0.344828	29
54	chr11	3130219	rs252505313	.	A	G	29	0	9	0	38	20	0	1	0	0.236842	38	chr11	3130219	.	A	G	23	0	20	0	43	13	0	0	0	0.465116	43
55	chr11	3130256	rs242170901	.	C	A	25	32	0	0	57	13	18	0	0	0.438596	57	chr11	3130256	.	C	A	73	28	0	0	101	43	8	0	0	0.722772	101
56	chr11	3130293	rs1134028484	.	A	C	49	47	0	0	96	25	22	0	0	0.489583	96	chr11	3130293	.	A	C	82	89	0	0	171	46	47	0	0	0.520468	171
57	chr11	3130297	rs246148520	.	A	G	40	0	55	0	95	19	0	27	0	0.578947	95	chr11	3130297	.	A	G	43	0	137	0	180	20	0	81	0	0.761111	180
58	chr11	3130915	rs29485907	.	A	G	27	0	19	0	46	15	0	19	0	0.41304300000000005	46	chr11	3130915	.	A	G	27	0	36	0	63	15	0	36	0	0.571429	63
59	chr11	3132249	rs224727189	.	G	A	21	0	58	0	79	13	0	28	0	0.265823	79	chr11	3132249	.	G	A	37	0	76	0	113	28	0	34	0	0.327434	113
60	chr11	52246538	rs218084921	.	C	T	0	113	0	65	178	0	44	0	45	0.365169	178	chr11	52246538	.	C	T	0	209	0	83	292	0	94	0	52	0.28424699999999997	292
61	chr11	57530900	rs583912063	.	C	A	10	21	0	0	31	2	15	0	0	0.322581	31	chr11	57530900	.	C	A	5	17	0	0	22	0	10	0	0	0.227273	22
62	chr11	75300584	rs13472440	.	T	C	0	285	0	587	872	0	100	0	162	0.326835	872	chr11	75300584	.	T	C	0	126	0	349	475	0	41	0	110	0.265263	475
63	chr11	102162670	rs1133848573	.	G	A	16	0	10	0	26	3	0	9	0	0.6153850000000001	26	chr11	102162670	.	G	A	29	0	25	0	54	2	0	22	0	0.537037	54
64	chr11	102162681	rs1135043393	.	G	A	9	0	17	0	26	1	0	16	0	0.346154	26	chr11	102162681	.	G	A	14	0	38	0	52	0	0	37	0	0.269231	52
65	chr11	107035527	rs232959980	.	C	T	0	21	0	11	32	0	6	0	9	0.34375	32	chr11	107035527	.	C	T	0	14	0	13	27	0	0	0	10	0.48148100000000005	27
66	chr12	4827260	rs864271903	.	T	A	14	0	0	18	32	14	0	0	10	0.4375	32	chr12	4827260	.	T	A	38	0	0	45	83	38	0	0	40	0.45783100000000004	83
67	chr12	17429715	rs217768944	.	C	A	22	8	0	0	30	7	4	0	0	0.733333	30	chr12	17429715	.	C	A	28	17	0	0	45	12	7	0	0	0.622222	45
68	chr12	17903055	rs1134130434	.	C	T	0	62	0	23	85	0	45	0	7	0.270588	85	chr12	17903055	.	C	T	0	187	0	53	240	0	99	0	14	0.220833	240
69	chr12	20900138	rs582258047	.	G	T	0	0	10	10	20	0	0	1	3	0.5	20	chr12	20900138	.	G	T	0	0	33	23	56	0	0	2	10	0.410714	56
70	chr12	75631236	rs586041673	.	C	T	0	5	0	20	25	0	3	0	16	0.8	25	chr12	75631236	.	C	T	0	18	0	18	36	0	7	0	16	0.5	36
71	chr12	80168076	rs217598450	.	C	T	0	44	0	27	71	0	15	0	1	0.380282	71	chr12	80168076	.	C	T	0	17	0	9	26	0	8	0	1	0.346154	26
72	chr12	105700784	rs240916708	.	A	G	63	0	20	0	83	33	0	13	0	0.24096399999999998	83	chr12	105700784	.	A	G	64	0	51	0	115	38	0	29	0	0.443478	115
73	chr13	28949078	rs586808435	.	G	T	0	0	37	21	58	0	0	10	14	0.36206900000000003	58	chr13	28949078	.	G	T	0	0	40	28	68	0	0	15	22	0.41176499999999994	68
74	chr13	78164225	rs254890220	.	C	A	27	20	0	0	47	17	7	0	0	0.574468	47	chr13	78164225	.	C	A	26	21	0	0	47	20	6	0	0	0.553191	47
75	chr13	119488865	rs256820940	.	G	T	0	0	7	18	25	0	0	2	8	0.72	25	chr13	119488865	.	G	T	0	0	35	45	80	0	0	17	18	0.5625	80
76	chr14	34746825	rs47291591	.	C	T	0	18	0	9	27	0	15	0	5	0.333333	27	chr14	34746825	.	C	T	0	23	0	18	41	0	16	0	18	0.43902399999999997	41
77	chr15	77760811	rs579255162	.	G	A	77	0	139	0	216	22	0	41	0	0.356481	216	chr15	77760811	.	G	A	55	0	82	0	137	19	0	31	0	0.40146	137
78	chr15	77760816	rs1134788524	.	G	A	73	0	147	0	220	31	0	38	0	0.331818	220	chr15	77760816	.	G	A	57	0	92	0	149	25	0	33	0	0.38255	149
79	chr15	77760828	rs1134574788	.	G	A	54	0	90	0	144	9	0	83	0	0.375	144	chr15	77760828	.	G	A	42	0	67	0	109	10	0	61	0	0.385321	109
80	chr15	81456160	rs864255565	.	A	G	17	0	11	0	28	12	0	5	0	0.392857	28	chr15	81456160	.	A	G	43	0	11	0	54	26	0	4	0	0.203704	54
81	chr16	38498809	rs220697447	.	G	A	11	0	30	0	41	1	0	26	0	0.268293	41	chr16	38498809	.	G	A	13	0	50	0	63	0	0	44	0	0.20634899999999998	63
82	chr17	6122631	rs864299585	.	A	G	36	0	11	0	47	17	0	7	0	0.23404299999999997	47	chr17	6122631	.	A	G	32	0	15	0	47	16	0	8	0	0.31914899999999996	47
83	chr17	34613199	rs108003060	.	C	T	0	106	0	84	190	0	4	0	84	0.442105	190	chr17	34613199	.	C	T	0	73	0	54	127	0	1	0	54	0.42519700000000005	127
84	chr17	39848100	rs108840979	.	A	T	3157	1	0	1241	4399	2836	1	0	110	0.282174	4398	chr17	39848100	.	A	T	5145	5	1	2199	7350	4786	5	1	311	0.299428	7344
85	chr17	39848233	rs107624959	.	T	C	0	109	0	130	239	0	84	0	85	0.456067	239	chr17	39848233	.	T	C	0	50	0	94	144	0	37	0	59	0.347222	144
86	chr17	39848652	rs107810024	.	T	C	0	228	0	302	530	0	163	0	223	0.43018900000000004	530	chr17	39848652	.	T	C	0	190	0	177	367	0	134	0	124	0.5177109999999999	367
87	chr17	47601131	rs107677905	.	C	T	0	36	0	18	54	0	12	0	9	0.333333	54	chr17	47601131	.	C	T	0	28	0	17	45	0	11	0	9	0.377778	45
88	chr17	57021340	rs107982672	.	G	A	22	0	51	0	73	1	0	50	0	0.30136999999999997	73	chr17	57021340	.	G	A	13	0	36	0	49	1	0	32	0	0.265306	49
89	chr17	57021346	rs107760518	.	G	A	17	0	51	0	68	2	0	50	0	0.25	68	chr17	57021346	.	G	A	12	0	39	0	51	1	0	36	0	0.235294	51
90	chr17	65580647	rs108576284	.	G	A	46	0	181	0	227	42	0	41	0	0.20264300000000002	227	chr17	65580647	.	G	A	86	0	314	0	400	80	0	74	0	0.215	400
91	chr18	56956560	rs211718034	.	T	C	0	14	0	6	20	0	4	0	5	0.7	20	chr18	56956560	.	T	C	0	15	0	18	33	0	6	0	7	0.454545	33
92	chr18	90591739	rs1133090916	.	C	A	5	20	1	0	26	4	6	0	0	0.2	25	chr18	90591739	.	C	A	35	92	0	0	127	30	43	0	0	0.275591	127
93	chr18	90592291	rs1135148440	.	A	G	24	0	9	0	33	16	0	6	0	0.272727	33	chr18	90592291	.	A	G	107	0	34	0	141	66	0	23	0	0.241135	141
94	chr19	7198956	rs1132829749	.	G	A	51	0	31	0	82	0	0	30	0	0.621951	82	chr19	7198956	.	G	A	50	0	46	0	96	0	0	44	0	0.520833	96
95	chr19	59903640	rs582469486	.	G	T	0	0	13	7	20	0	0	3	7	0.35	20	chr19	59903640	.	G	T	0	0	32	9	41	0	0	9	7	0.21951199999999998	41
96	chr2	6544755	rs259988382	.	C	T	0	41	0	37	78	0	23	0	16	0.47435900000000003	78	chr2	6544755	.	C	T	0	36	0	28	64	0	23	0	15	0.4375	64
97	chr2	22587732	rs261940913	.	G	A	11	0	11	0	22	4	0	0	0	0.5	22	chr2	22587732	.	G	A	24	0	18	0	42	10	0	0	0	0.571429	42
98	chr2	27019570	rs247590620	.	A	G	82	0	54	0	136	26	0	16	0	0.397059	136	chr2	27019570	.	A	G	68	0	49	0	117	29	0	20	0	0.418803	117
99	chr2	27019578	rs261014509	.	C	G	0	102	41	0	143	0	31	10	0	0.286713	143	chr2	27019578	.	C	G	0	102	29	0	131	0	36	11	0	0.221374	131
100	chr2	27019668	rs219580017	.	T	C	0	22	42	43	107	0	14	16	4	0.338462	65	chr2	27019668	.	T	C	0	26	36	32	94	0	14	15	6	0.448276	58
101	chr2	27019713	rs580611533	.	A	G	123	0	47	0	170	55	0	25	0	0.276471	170	chr2	27019713	.	A	G	95	0	38	0	133	39	0	21	0	0.28571399999999997	133
102	chr2	27019761	rs578459949	.	G	C	0	49	85	0	134	0	23	46	0	0.365672	134	chr2	27019761	.	G	C	0	40	89	2	131	0	27	41	2	0.310078	129
103	chr2	84669223	rs864255577	.	C	T	0	15	0	9	24	0	0	0	0	0.375	24	chr2	84669223	.	C	T	0	61	0	26	87	0	1	0	0	0.29885100000000003	87
104	chr2	125088707	rs1135373870	.	C	A	108	77	0	0	185	0	76	0	0	0.583784	185	chr2	125088707	.	C	A	138	80	0	0	218	2	73	0	0	0.633027	218
105	chr2	125088714	rs1135054330	.	C	A	101	95	0	0	196	1	93	0	0	0.515306	196	chr2	125088714	.	C	A	115	100	0	0	215	0	91	0	0	0.534884	215
106	chr2	130973399	rs248431360	.	G	A	16	0	48	0	64	8	0	22	0	0.25	64	chr2	130973399	.	G	A	29	0	30	0	59	15	0	16	0	0.491525	59
107	chr2	146243094	rs52360740	.	C	G	0	6	19	0	25	0	1	7	0	0.76	25	chr2	146243094	.	C	G	0	8	26	0	34	0	1	9	0	0.764706	34
108	chr2	154560399	rs266132478	.	T	A,G	44	0	0	33	77	9	0	0	24	0.571429	77	chr2	154560399	.	T	A,G	27	0	0	20	47	10	0	0	13	0.574468	47
109	chr2	157558149	rs13461140	.	T	C	0	28	0	85	113	0	18	0	44	0.247788	113	chr2	157558149	.	T	C	0	43	0	57	100	0	23	0	34	0.43	100
110	chr2	163625237	rs1134119338	.	A	G	156	0	121	0	277	11	0	51	0	0.43682299999999996	277	chr2	163625237	.	A	G	207	0	138	0	345	13	0	35	0	0.4	345
111	chr3	28795944	rs248510335	.	G	A	18	0	13	0	31	11	0	7	0	0.580645	31	chr3	28795944	.	G	A	19	0	23	0	42	10	0	8	0	0.45238100000000003	42
112	chr3	32465100	rs257452563	.	G	A	9	0	23	0	32	7	0	4	0	0.28125	32	chr3	32465100	.	G	A	20	0	29	0	49	11	0	6	0	0.408163	49
113	chr4	3973116	rs864296310	.	T	G	1	0	32	63	96	0	0	0	1	0.33684200000000003	95	chr4	3973116	.	T	G	0	0	67	117	184	0	0	0	1	0.36413	184
114	chr4	116552778	rs257268054	.	T	C	0	5	0	20	25	0	4	0	10	0.2	25	chr4	116552778	.	T	C	0	28	0	56	84	0	19	0	26	0.333333	84
115	chr4	116593443	rs215688827	.	G	T	0	0	16	9	25	0	0	7	0	0.36	25	chr4	116593443	.	G	T	0	0	16	8	24	0	0	4	0	0.333333	24
116	chr4	137319702	rs245715883	.	G	T	0	0	14	21	35	0	0	1	0	0.6	35	chr4	137319702	.	G	T	0	0	17	29	46	0	0	1	0	0.6304350000000001	46
117	chr5	34175949	rs229823899	.	C	T	0	18	0	10	28	0	6	0	5	0.357143	28	chr5	34175949	.	C	T	0	28	0	10	38	0	5	0	7	0.263158	38
118	chr5	110078510	rs1132212254	.	T	C	0	16	0	4	20	0	8	0	3	0.8	20	chr5	110078510	.	T	C	0	25	0	14	39	0	12	0	7	0.641026	39
119	chr5	144195321	rs262682375	.	C	T	0	224	0	70	294	0	17	0	70	0.23809499999999997	294	chr5	144195321	.	C	T	0	101	0	46	147	0	13	0	46	0.312925	147
120	chr6	51482972	rs13474474	.	G	T	0	0	211	105	316	0	0	6	97	0.332278	316	chr6	51482972	.	G	T	0	0	214	162	376	0	0	4	151	0.43085100000000004	376
121	chr6	98019048	rs221398628	.	C	T	0	192	0	65	257	0	119	0	61	0.252918	257	chr6	98019048	.	C	T	0	146	0	54	200	0	106	0	50	0.27	200
122	chr6	120482568	rs52443811	.	C	T	0	31	0	14	45	0	16	0	10	0.311111	45	chr6	120482568	.	C	T	0	42	1	14	57	0	25	1	7	0.25	56
123	chr6	124509377	rs262806276	.	C	A	10	17	0	0	27	10	2	0	0	0.37037	27	chr6	124509377	.	C	A	9	13	0	0	22	9	1	0	0	0.409091	22
124	chr7	18894043	rs33864023	.	C	T	0	24	0	12	36	0	9	0	3	0.333333	36	chr7	18894043	.	C	T	0	18	0	9	27	0	6	0	2	0.333333	27
125	chr7	79879896	rs580162948	.	T	G	0	0	27	75	102	0	0	1	7	0.264706	102	chr7	79879896	.	T	G	0	0	37	75	112	0	0	1	5	0.330357	112
126	chr7	80264586	rs246877256	.	G	C	0	19	69	0	88	0	7	25	0	0.21590900000000002	88	chr7	80264586	.	G	C	0	56	77	0	133	0	13	28	0	0.42105299999999996	133
127	chr7	123193986	rs579255375	.	G	A	13	0	33	0	46	12	0	14	0	0.282609	46	chr7	123193986	.	G	A	11	0	42	0	53	7	0	13	0	0.20754699999999998	53
128	chr7	123194003	rs1132037610	.	G	A	7	0	24	0	31	1	0	20	0	0.225806	31	chr7	123194003	.	G	A	8	0	28	0	36	1	0	19	0	0.22222199999999998	36
129	chr7	123194008	rs1134844269	.	G	A	9	0	27	0	36	2	0	22	0	0.25	36	chr7	123194008	.	G	A	12	0	36	0	48	4	0	22	0	0.25	48
130	chr7	123194015	rs1134180290	.	G	A	8	0	31	0	39	3	0	24	0	0.20512800000000003	39	chr7	123194015	.	G	A	12	0	40	0	52	4	0	25	0	0.230769	52
131	chr7	132987596	rs52111275	.	G	T	0	0	12	15	27	0	0	7	11	0.555556	27	chr7	132987596	.	G	T	0	0	15	17	32	0	0	8	12	0.53125	32
132	chr7	132987604	rs218700857	.	G	T	0	0	10	21	31	0	0	7	17	0.677419	31	chr7	132987604	.	G	T	0	0	14	22	36	0	0	7	16	0.611111	36
133	chr8	20151529	rs1133165595	.	G	A	20	0	37	0	57	13	0	26	0	0.350877	57	chr8	20151529	.	G	A	57	0	99	0	156	37	0	59	0	0.365385	156
134	chr8	20151587	rs1132336040	.	A	G	18	0	8	0	26	6	0	8	0	0.307692	26	chr8	20151587	.	A	G	34	0	22	0	56	16	0	19	0	0.392857	56
135	chr8	20151592	rs1134774540	.	A	G	20	0	6	0	26	8	0	6	0	0.230769	26	chr8	20151592	.	A	G	40	0	14	0	54	18	0	14	0	0.259259	54
136	chr8	20410379	rs1132707205	.	G	T	0	0	31	11	42	0	0	11	4	0.261905	42	chr8	20410379	.	G	T	0	0	69	18	87	0	0	28	9	0.20689699999999997	87
137	chr8	70700477	rs248581435	.	T	C	0	21	0	23	44	0	15	0	15	0.47727299999999995	44	chr8	70700477	.	T	C	0	18	0	64	82	0	16	0	43	0.21951199999999998	82
138	chr9	47851048	rs587366206	.	G	A	20	0	18	0	38	6	0	11	0	0.526316	38	chr9	47851048	.	G	A	26	0	23	0	49	8	0	15	0	0.530612	49
139	chr9	123462100	rs244775368	.	A	T	3307	23	2979	7812	14121	1907	15	1970	5324	0.702581	11119	chr9	123462100	.	A	T	3257	27	3020	7548	13852	2038	20	2128	5494	0.698565	10805
140	chr9	124271428	rs585131144	.	T	G	0	0	17	42	59	0	0	10	16	0.288136	59	chr9	124271428	.	T	G	0	0	63	88	151	0	0	41	41	0.41721899999999995	151
141	chr9	124271464	rs583976327	.	A	G	30	0	20	0	50	21	0	18	0	0.4	50	chr9	124271464	.	A	G	76	0	50	0	126	50	0	43	0	0.396825	126
